instances,rate,achieved_rps,requests,created,taken,errors,dropped,p50_ms,p95_ms,p99_ms,within_slo
1,200,200.0,3000.0,2416.0,584.0,0.0,0.0,9.9,57.4,288.0,true
1,400,398.2,6001.0,3169.0,2832.0,0.0,0.0,27.6,127.3,171.0,true
1,600,486.6,8318.0,2982.0,5336.0,0.0,683.0,2219.7,3053.8,3159.3,false
1,800,609.7,10408.0,2384.0,6260.0,1764.0,1592.0,3237.4,4536.4,4719.9,false
1,1000,834.4,14504.0,2026.0,6772.0,5706.0,497.0,2583.6,4730.0,5077.4,false
1,1200,996.5,17418.0,1841.0,7300.0,8277.0,574.0,1144.5,4373.8,4640.4,false
1,1600,1294.9,22308.0,1682.0,7087.0,13539.0,1693.0,6.0,4292.2,4932.3,false
2,200,199.9,3001.0,2438.0,563.0,0.0,0.0,10.6,153.9,402.6,true
2,400,398.9,6001.0,3185.0,2816.0,0.0,0.0,23.9,135.3,216.6,true
2,600,595.9,9001.0,3217.0,5773.0,11.0,0.0,390.6,984.0,1244.9,false
2,800,643.8,10783.0,2800.0,7983.0,0.0,1218.0,2176.4,3207.0,3599.1,false
2,1000,856.8,14542.0,2271.0,8619.0,3652.0,401.0,2175.9,4004.6,4664.1,false
2,1200,1010.4,17115.0,1979.0,8003.0,7133.0,885.0,1794.9,4496.7,5081.4,false
2,1600,1104.2,18528.0,1748.0,7742.0,9038.0,5472.0,649.7,4318.5,5000.5,false
4,200,199.9,3001.0,2451.0,550.0,0.0,0.0,14.4,759.5,1087.9,false
4,400,399.6,6000.0,3207.0,2793.0,0.0,0.0,169.1,783.5,971.1,false
4,600,528.4,8766.0,3011.0,5755.0,0.0,263.0,1833.8,2821.4,3298.8,false
4,800,597.6,10349.0,2526.0,6679.0,1144.0,1652.0,2643.0,4681.6,5350.0,false
4,1000,819.8,13760.0,2048.0,7430.0,4282.0,1240.0,2093.6,5077.6,5984.6,false
4,1200,1003.5,16994.0,1860.0,7234.0,7900.0,1005.0,1050.7,4486.8,5324.6,false
4,1600,1214.2,20442.0,1745.0,7826.0,10871.0,3558.0,87.3,4111.8,4788.9,false
