scenario,strategy,vus,rep,won,taken,failed,attempts,e2e_p50_ms,e2e_p95_ms,e2e_p99_ms,e2e_max_ms,server_p50_ms,server_p95_ms,server_p99_ms,throughput_per_s,rejected_by_redis,rejected_by_db,retries,double_booked,mismatched
hall,pessimistic,500,1,485.0,153.0,0.0,638.0,1218.4,1396.5,1419.6,1468.0,530.2,1943.6,2388.7,265.8,0.0,153.0,0.0,0,0
hall,pessimistic,500,2,480.0,174.0,0.0,654.0,782.1,964.8,986.7,1027.0,387.9,929.2,985.8,332.4,0.0,174.0,0.0,0,0
hall,pessimistic,500,3,479.0,185.0,0.0,664.0,930.6,1006.3,1018.8,1051.2,416.2,939.0,987.8,338.3,0.0,185.0,0.0,0,0
hall,pessimistic,2000,1,983.0,3192.0,0.0,4175.0,1903.0,3781.5,3836.2,3911.7,1353.2,4022.7,4804.5,130.9,0.0,3192.0,0.0,0,0
hall,pessimistic,2000,2,982.0,3227.0,0.0,4209.0,2600.9,3824.2,3930.5,3962.3,1484.7,2912.2,4582.4,114.8,0.0,3227.0,0.0,0,0
hall,pessimistic,2000,3,987.0,3175.0,0.0,4162.0,1827.6,3481.8,3549.0,3669.7,1273.2,3399.2,4679.8,138.2,0.0,3175.0,0.0,0,0
hall,pessimistic,5000,1,1000.0,12005.0,0.0,13005.0,6420.9,8754.6,8875.5,9028.6,3647.9,8175.5,9635.1,65.6,0.0,12005.0,0.0,0,0
hall,pessimistic,5000,2,1000.0,12009.0,0.0,13009.0,5516.8,7436.5,7550.2,7607.9,3102.4,7019.0,9403.8,77.4,0.0,12009.0,0.0,0,0
hall,pessimistic,5000,3,1000.0,12005.0,0.0,13005.0,6013.7,7743.0,7992.7,8489.9,3566.1,6219.5,9243.9,63.7,0.0,12005.0,0.0,0,0
hall,optimistic,500,1,480.0,168.0,0.0,648.0,628.0,994.7,1019.0,1129.1,393.9,930.8,986.2,337.8,0.0,168.0,10.0,0,0
hall,optimistic,500,2,472.0,194.0,0.0,666.0,1170.5,1325.1,1371.1,1417.4,590.1,2005.4,2401.1,271.7,0.0,194.0,9.0,0,0
hall,optimistic,500,3,474.0,177.0,0.0,651.0,754.2,800.7,825.5,893.1,321.1,877.6,975.5,388.2,0.0,177.0,6.0,0,0
hall,optimistic,2000,1,982.0,3204.0,0.0,4186.0,1797.5,3225.6,3303.4,3486.5,1133.6,2411.6,3675.3,145.8,0.0,3204.0,29.0,0,0
hall,optimistic,2000,2,981.0,3177.0,0.0,4158.0,1534.7,3291.6,3337.7,3512.7,913.9,2953.7,4590.7,156.5,0.0,3177.0,33.0,0,0
hall,optimistic,2000,3,989.0,3171.0,0.0,4160.0,1613.6,3364.0,3415.9,3582.4,969.8,2424.0,4095.7,156.1,0.0,3171.0,16.0,0,0
hall,optimistic,5000,1,1000.0,12011.0,0.0,13011.0,5620.5,6779.3,6845.8,7225.3,3314.4,4833.8,4968.8,72.2,0.0,12011.0,14.0,0,0
hall,optimistic,5000,2,1000.0,12004.0,0.0,13004.0,5338.3,7193.1,7334.1,7702.6,3053.7,4954.1,8722.6,78.5,0.0,12004.0,23.0,0,0
hall,optimistic,5000,3,1000.0,12009.0,0.0,13009.0,5571.8,7172.0,7305.9,7874.2,3271.9,4931.0,8401.8,53.7,0.0,12009.0,27.0,0,0
hall,redis,500,1,468.0,198.0,0.0,666.0,708.5,1046.0,1064.4,1140.4,458.5,944.1,988.8,325.9,198.0,0.0,0.0,0,0
hall,redis,500,2,479.0,144.0,0.0,623.0,907.8,961.8,970.1,985.3,363.7,927.6,985.5,401.8,144.0,0.0,0.0,0,0
hall,redis,500,3,478.0,176.0,0.0,654.0,714.6,769.0,778.7,814.7,267.2,852.7,970.5,453.5,176.0,0.0,0.0,0,0
hall,redis,2000,1,983.0,3207.0,0.0,4190.0,1507.0,2813.0,2975.6,3151.5,739.9,2315.9,2463.2,196.7,3207.0,0.0,0.0,0,0
hall,redis,2000,2,985.0,3186.0,0.0,4171.0,1575.4,3074.4,3177.2,3234.2,663.7,2322.5,2468.0,196.7,3186.0,0.0,0.0,0,0
hall,redis,2000,3,985.0,3200.0,0.0,4185.0,1332.4,2740.3,2863.5,2996.6,589.9,2320.4,2464.1,209.5,3200.0,0.0,0.0,0,0
hall,redis,5000,1,1000.0,12009.0,0.0,13009.0,3162.0,6030.8,6288.2,6823.9,2118.4,4622.5,4924.5,101.1,12009.0,0.0,0.0,0,0
hall,redis,5000,2,1000.0,12003.0,0.0,13003.0,3630.8,5452.4,5764.7,6337.0,1990.2,4485.6,4897.1,101.8,12003.0,0.0,0.0,0,0
hall,redis,5000,3,1000.0,12005.0,0.0,13005.0,3070.8,5412.8,5721.2,6247.3,1854.5,3978.9,4795.8,106.1,12005.0,0.0,0.0,0,0
hall,redis-down-nobreaker,2000,1,337.0,55.0,1663.0,2055.0,26606.5,27010.9,27033.9,27052.8,23623.3,29362.3,29872.5,29.5,49.0,1088.0,0.0,0,0
hall,redis-down-nobreaker,2000,2,52.0,3.0,1948.0,2003.0,26690.0,26896.4,26972.8,26985.3,24753.4,29475.3,29895.1,4.8,1.0,1142.0,0.0,0,0
hall,redis-down-nobreaker,2000,3,144.0,11.0,1856.0,2011.0,26584.4,26851.1,26911.5,26961.8,24459.8,29446.0,29889.2,13.3,4.0,1126.0,0.0,0,0
hall,redis-down,2000,1,225.0,33.0,1775.0,2033.0,24136.8,24452.6,25061.7,25590.8,858.1,2277.6,2455.5,111.2,0.0,33.0,0.0,0,0
hall,redis-down,2000,2,872.0,1128.0,1128.0,3128.0,3611.6,24135.1,25561.6,25975.5,2082.1,4629.1,4925.8,220.5,0.0,1128.0,0.0,0,0
hall,redis-down,2000,3,880.0,1126.0,1120.0,3126.0,3488.6,24141.4,24533.0,29172.4,1826.0,4327.7,4865.5,227.6,124.0,1002.0,0.0,0,0
one-seat,pessimistic,500,1,1.0,499.0,0.0,500.0,1036.4,1081.8,1098.1,1102.4,577.7,957.8,991.6,1.0,0.0,499.0,0.0,0,0
one-seat,pessimistic,500,2,1.0,499.0,0.0,500.0,783.8,811.9,820.7,826.0,465.0,941.9,988.4,2.0,0.0,499.0,0.0,0,0
one-seat,pessimistic,500,3,1.0,499.0,0.0,500.0,662.4,752.4,800.6,867.5,360.8,486.1,497.2,2.8,0.0,499.0,0.0,0,0
one-seat,pessimistic,2000,1,1.0,1999.0,0.0,2000.0,2850.0,3020.8,3054.2,3074.8,1496.0,2399.6,2479.9,2.9,0.0,1999.0,0.0,0,0
one-seat,pessimistic,2000,2,1.0,1999.0,0.0,2000.0,2972.2,3144.4,3176.5,3227.5,1455.7,2396.5,2480.1,2.4,0.0,1999.0,0.0,0,0
one-seat,pessimistic,2000,3,1.0,1999.0,0.0,2000.0,3007.0,3204.6,3227.9,3248.6,1587.3,2456.5,4090.9,1.5,0.0,1999.0,0.0,0,0
one-seat,pessimistic,5000,1,1.0,4999.0,0.0,5000.0,6404.0,8024.7,8137.4,8266.0,3471.3,6279.8,9256.0,0.5,0.0,4999.0,0.0,0,0
one-seat,pessimistic,5000,2,1.0,4999.0,0.0,5000.0,7308.6,7693.1,7731.6,7770.6,3853.3,9035.5,9807.1,1.2,0.0,4999.0,0.0,0,0
one-seat,pessimistic,5000,3,1.0,4999.0,0.0,5000.0,8077.9,8496.2,8542.2,8567.3,4174.9,9276.6,9855.3,0.7,0.0,4999.0,0.0,0,0
one-seat,optimistic,500,1,1.0,499.0,0.0,500.0,813.3,843.6,883.7,889.6,413.2,893.2,978.6,1.2,0.0,499.0,10.0,0,0
one-seat,optimistic,500,2,1.0,499.0,0.0,500.0,640.2,662.3,664.8,685.4,353.4,486.4,498.2,5.4,0.0,499.0,7.0,0,0
one-seat,optimistic,500,3,1.0,499.0,0.0,500.0,619.3,661.1,672.3,765.2,333.8,485.8,499.3,6.8,0.0,499.0,4.0,0,0
one-seat,optimistic,2000,1,1.0,1999.0,0.0,2000.0,2391.7,2549.7,2586.5,2617.1,1334.5,2383.4,2476.7,2.4,0.0,1999.0,0.0,0,0
one-seat,optimistic,2000,2,1.0,1999.0,0.0,2000.0,2345.0,2519.8,2551.3,2564.4,1233.1,2373.3,2474.7,3.2,0.0,1999.0,3.0,0,0
one-seat,optimistic,2000,3,1.0,1999.0,0.0,2000.0,2494.7,2664.5,2691.6,2708.4,1439.2,2393.9,2478.8,1.9,0.0,1999.0,0.0,0,0
one-seat,optimistic,5000,1,1.0,4999.0,0.0,5000.0,5558.4,6035.5,6072.0,6108.9,3330.2,4833.0,4966.6,1.3,0.0,4999.0,0.0,0,0
one-seat,optimistic,5000,2,1.0,4999.0,0.0,5000.0,4921.8,5306.2,5343.6,5383.1,3077.5,4807.8,4961.6,1.5,0.0,4999.0,0.0,0,0
one-seat,optimistic,5000,3,1.0,4999.0,0.0,5000.0,5380.7,5792.2,5840.1,5896.2,3192.1,4819.2,4963.8,1.5,0.0,4999.0,0.0,0,0
one-seat,redis,500,1,1.0,499.0,0.0,500.0,562.8,607.1,623.7,633.9,375.0,488.0,498.0,1.5,499.0,0.0,0.0,0,0
one-seat,redis,500,2,1.0,499.0,0.0,500.0,410.8,445.5,457.2,476.9,179.1,259.6,451.9,1.9,499.0,0.0,0.0,0,0
one-seat,redis,500,3,1.0,499.0,0.0,500.0,422.6,468.0,476.5,492.3,223.0,467.9,493.6,3.4,499.0,0.0,0.0,0,0
one-seat,redis,2000,1,1.0,1999.0,0.0,2000.0,1368.7,1558.4,1586.3,1658.7,732.2,973.2,994.6,3.3,1999.0,0.0,0.0,0,0
one-seat,redis,2000,2,1.0,1999.0,0.0,2000.0,1225.6,1421.0,1447.1,1529.8,747.1,974.7,994.9,1.3,1999.0,0.0,0.0,0,0
one-seat,redis,2000,3,1.0,1999.0,0.0,2000.0,1265.2,1476.0,1499.5,1546.2,748.7,974.9,995.0,1.2,1999.0,0.0,0.0,0,0
one-seat,redis,5000,1,1.0,4999.0,0.0,5000.0,3220.4,3752.0,3815.1,3835.6,1740.6,2424.1,2484.8,1.3,4999.0,0.0,0.0,0,0
one-seat,redis,5000,2,1.0,4999.0,0.0,5000.0,2763.8,3234.9,3277.4,3402.0,1745.5,2424.5,2484.9,0.4,4999.0,0.0,0.0,0,0
one-seat,redis,5000,3,1.0,4999.0,0.0,5000.0,2841.1,3270.6,3315.0,3343.2,1720.4,2422.0,2484.4,1.6,4999.0,0.0,0.0,0,0
