series,variant,rep,requests,ok_first,ok_retry,taken,gave_up,retries,dropped,failed_attempts,fail_reasons,recovery_p95_ms,recovery_max_ms,order_p95_ms,orders,buyers_with_two_orders,double_booked
,sentinel-kill,1,6001.0,4260.0,285.0,1456.0,0.0,525.0,0.0,525.0,http_503:525,5375.8,6357.0,32.2,4545,0,0
,sentinel-kill,2,6000.0,4237.0,271.0,1492.0,0.0,483.0,0.0,483.0,http_503:483,4992.0,6039.0,31.0,4508,0,0
,sentinel-kill,3,6001.0,4221.0,274.0,1506.0,0.0,467.0,0.0,467.0,http_503:467,4966.9,5908.0,41.9,4495,0,0
,sentinel-none,1,6001.0,4478.0,0.0,1523.0,0.0,0.0,0.0,0.0,,0.0,0.0,19.6,4478,0,0
,sentinel-none,2,6000.0,4514.0,0.0,1486.0,0.0,0.0,0.0,0.0,,0.0,0.0,22.7,4514,0,0
,sentinel-none,3,6000.0,4509.0,0.0,1491.0,0.0,0.0,0.0,0.0,,0.0,0.0,20.8,4509,0,0
,single-aof-kill,1,5945.0,2962.0,1522.0,1461.0,0.0,11652.0,56.0,11652.0,http_503:11652,25292.0,27635.0,4685.9,4484,0,0
,single-aof-kill,2,5961.0,2984.0,1515.0,1462.0,0.0,11826.0,40.0,11826.0,http_503:11826,23758.9,26508.0,3300.0,4499,0,0
,single-aof-kill,3,5916.0,2916.0,1524.0,1476.0,0.0,12295.0,85.0,12295.0,http_503:12295,24334.2,26708.0,3171.9,4440,0,0
,single-rdb-kill,1,5972.0,1755.0,0.0,176.0,4041.0,12047.0,29.0,16088.0,http_401:4041 http_503:12047,0.0,0.0,13.3,1755,0,0
,single-rdb-kill,2,5967.0,1751.0,0.0,185.0,4031.0,11742.0,34.0,15773.0,http_401:4031 http_503:11742,0.0,0.0,12.4,1751,0,0
,single-rdb-kill,3,5968.0,1744.0,0.0,166.0,4058.0,11996.0,33.0,16054.0,http_401:4058 http_503:11996,0.0,0.0,11.9,1744,0,0
,single-rdb-none,1,6001.0,4505.0,0.0,1496.0,0.0,0.0,0.0,0.0,,0.0,0.0,16.2,4505,0,0
,single-rdb-none,2,6001.0,4470.0,0.0,1531.0,0.0,0.0,0.0,0.0,,0.0,0.0,17.4,4470,0,0
,single-rdb-none,3,6001.0,4483.0,0.0,1518.0,0.0,0.0,0.0,0.0,,0.0,0.0,16.6,4483,0,0
