variant,vus,rep,won,taken,failed,failed_503,failed_network,order_p50_ms,order_p95_ms,order_p99_ms,sold_out_ms,queue_wait_p50_ms,queue_wait_p95_ms,queue_wait_max_ms,queue_polls,queue_poll_p95_ms,server_p95_ms,double_booked
offcold,5000,1,133.0,12.0,4866.0,4866.0,0.0,428.8,832.0,1569.9,2213.0,0.0,0.0,0.0,0.0,0.0,998.8,0
off,5000,1,1000.0,12003.0,0.0,0.0,0.0,3479.0,5949.8,6399.0,10061.0,0.0,0.0,0.0,0.0,0.0,4417.8,0
off,5000,2,1000.0,12004.0,0.0,0.0,0.0,2592.6,4655.7,5039.4,7695.0,0.0,0.0,0.0,0.0,0.0,2487.2,0
off,5000,3,1000.0,12007.0,0.0,0.0,0.0,2885.4,5568.6,5619.4,8834.0,0.0,0.0,0.0,0.0,0.0,2489.3,0
q100,5000,1,1000.0,12552.0,0.0,0.0,0.0,5.7,18.2,35.6,30285.0,26119.5,48434.1,51857.0,33957.0,4.7,10.7,0
q100,5000,2,1000.0,12536.0,0.0,0.0,0.0,5.8,32.6,91.9,29967.0,26107.5,48473.0,51783.0,33937.0,6.7,19.2,0
q100,5000,3,1000.0,12558.0,0.0,0.0,0.0,5.7,15.9,28.6,30383.0,26089.0,48491.6,51717.0,33984.0,4.0,9.4,0
q200,5000,1,1000.0,12532.0,0.0,0.0,0.0,12.4,114.1,451.4,15729.0,13651.5,24818.3,26974.0,30347.0,48.5,67.5,0
q200,5000,2,1000.0,12523.0,0.0,0.0,0.0,12.3,56.1,100.0,14702.0,13574.5,24957.2,26915.0,30309.0,21.2,24.7,0
q200,5000,3,1000.0,12593.0,0.0,0.0,0.0,21.4,88.7,152.4,16631.0,13666.5,24820.0,26860.0,30324.0,37.2,43.5,0
