instances,rate,achieved_rps,requests,created,taken,errors,dropped,p50_ms,p95_ms,p99_ms,within_slo,cpu_api_pct,cpu_postgres_pct,cpu_k6_pct
1,50,50.0,1000.0,729.0,271.0,0.0,0.0,11.3,16.6,22.2,true,16.8,24.1,8.1
1,75,75.0,1501.0,946.0,555.0,0.0,0.0,10.3,16.7,22.7,true,20.3,28.5,10.4
1,100,99.9,2001.0,1096.0,905.0,0.0,0.0,9.6,19.2,42.5,true,24.9,35.7,13.4
1,150,150.0,3001.0,1422.0,1579.0,0.0,0.0,12.6,55.6,73.7,true,26.7,48.7,15.1
1,200,199.6,4000.0,1494.0,2506.0,0.0,0.0,33.8,104.7,167.7,true,26.0,56.9,16.6
1,250,240.1,5001.0,1590.0,3411.0,0.0,0.0,1163.9,1662.0,1757.5,false,26.1,64.6,19.2
1,300,242.9,5498.0,1573.0,3925.0,0.0,503.0,2872.0,3890.4,4170.8,false,25.6,61.0,23.4
1,350,263.8,6081.0,1503.0,4578.0,0.0,919.0,3185.5,4844.1,5418.7,false,25.3,59.2,29.2
1,400,255.1,6291.0,1372.0,4919.0,0.0,1710.0,4830.5,6624.4,7173.2,false,25.8,55.8,37.4
1,500,315.7,7794.0,1360.0,5204.0,1230.0,2206.0,5326.3,7779.1,8490.1,false,25.3,56.1,40.7
2,50,50.0,1001.0,708.0,293.0,0.0,0.0,10.4,16.1,24.3,true,7.3,22.2,7.6
2,75,75.0,1501.0,937.0,564.0,0.0,0.0,9.1,13.9,17.7,true,10.0,27.0,9.4
2,100,100.0,2000.0,1079.0,921.0,0.0,0.0,9.0,15.4,22.6,true,12.9,33.9,12.3
2,150,149.9,3000.0,1402.0,1598.0,0.0,0.0,8.6,22.2,185.5,true,17.4,48.9,16.0
2,200,199.9,4000.0,1539.0,2461.0,0.0,0.0,6.3,18.0,32.0,true,20.8,57.1,19.1
2,250,249.8,5000.0,1663.0,3337.0,0.0,0.0,7.0,25.6,55.5,true,24.7,69.5,24.5
2,300,299.9,6001.0,1721.0,4280.0,0.0,0.0,10.2,69.8,216.6,true,26.2,76.7,25.5
2,350,349.9,7001.0,1793.0,5208.0,0.0,0.0,14.6,81.1,146.7,true,26.9,87.0,26.9
2,400,398.7,8001.0,1767.0,6234.0,0.0,0.0,17.9,77.3,131.6,true,26.5,88.9,27.2
2,500,497.4,10001.0,2047.0,7954.0,0.0,0.0,57.1,276.7,436.8,true,25.4,108.0,27.3
2,600,414.0,9641.0,4855.0,4777.0,9.0,2360.0,3461.8,4930.8,5231.1,false,25.1,121.8,33.2
2,700,489.2,11421.0,3381.0,7577.0,463.0,2571.0,3145.6,4874.4,5349.5,false,25.1,111.5,38.2
2,800,627.2,14116.0,2766.0,8750.0,2600.0,1885.0,3306.6,4380.4,4690.6,false,24.6,106.7,44.0
2,1000,859.4,19138.0,2299.0,8964.0,7875.0,861.0,2980.3,4487.3,4849.9,false,25.5,107.8,51.2
2,1200,1029.5,22992.0,2149.0,9640.0,11203.0,1009.0,772.5,4202.4,4787.1,false,24.2,107.8,58.7
4,50,50.0,1000.0,698.0,302.0,0.0,0.0,11.0,16.9,21.6,true,3.9,21.5,8.2
4,75,75.0,1500.0,942.0,558.0,0.0,0.0,9.6,15.8,20.4,true,5.6,28.4,9.9
4,100,100.0,2001.0,1101.0,900.0,0.0,0.0,9.9,17.3,25.8,true,7.6,38.5,14.2
4,150,150.0,3001.0,1355.0,1646.0,0.0,0.0,7.5,16.3,24.3,true,9.4,47.1,15.9
4,200,199.7,4001.0,1520.0,2481.0,0.0,0.0,6.9,20.4,45.2,true,11.6,58.0,18.0
4,250,249.9,5001.0,1587.0,3414.0,0.0,0.0,7.7,34.4,93.7,true,13.8,68.8,23.9
4,300,299.8,6001.0,1732.0,4269.0,0.0,0.0,9.2,50.1,112.3,true,15.4,81.8,25.6
4,350,349.8,7001.0,1719.0,5282.0,0.0,0.0,11.8,129.7,337.1,true,16.4,90.8,26.5
4,400,398.8,8003.0,1746.0,6257.0,0.0,0.0,11.7,72.1,129.7,true,17.4,94.5,26.2
4,500,497.4,10000.0,2029.0,7971.0,0.0,0.0,24.9,193.8,373.3,true,17.4,99.5,25.3
4,600,415.6,9387.0,4618.0,4484.0,285.0,2614.0,3748.2,5240.1,5459.2,false,18.4,141.7,33.4
4,700,517.8,11754.0,3754.0,7973.0,27.0,2247.0,2706.5,4305.4,4767.1,false,18.4,137.0,31.3
4,800,614.4,13725.0,2859.0,9428.0,1438.0,2277.0,2757.6,4537.9,5204.6,false,19.4,123.7,42.1
4,1000,793.4,17769.0,2526.0,9979.0,5264.0,2230.0,2716.3,4185.6,4778.8,false,17.6,109.1,53.2
4,1200,909.4,20127.0,2218.0,10081.0,7828.0,3873.0,2070.3,4466.0,5044.1,false,16.8,109.1,52.5
