t_s,api_desired,api_current,api_ready,api_cpu,edge_desired,edge_current,edge_ready,edge_cpu,worker_desired,worker_current,worker_ready,worker_cpu,pending
-119,0,2,2,,2,2,2,0,2,2,2,1,0
-114,0,2,2,,2,2,2,0,2,2,2,1,0
-109,2,2,2,0,2,2,2,0,2,2,2,1,0
-104,2,2,2,0,2,2,2,0,2,2,2,1,0
-98,2,2,2,0,2,2,2,0,2,2,2,1,0
-93,2,2,2,0,2,2,2,0,2,2,2,2,0
-88,2,2,2,0,2,2,2,0,2,2,2,2,0
-83,2,2,2,0,2,2,2,0,2,2,2,2,0
-78,2,2,2,0,2,2,2,0,2,2,2,2,0
-73,2,2,2,0,2,2,2,0,2,2,2,2,0
-67,2,2,2,0,2,2,2,0,2,2,2,2,0
-62,2,2,2,0,2,2,2,0,2,2,2,2,0
-57,2,2,2,0,2,2,2,0,2,2,2,2,0
-52,2,2,2,0,2,2,2,0,2,2,2,2,0
-47,2,2,2,0,2,2,2,0,2,2,2,2,0
-42,2,2,2,0,2,2,2,0,2,2,2,2,0
-36,2,2,2,0,2,2,2,0,2,2,2,2,0
-31,2,2,2,0,2,2,2,0,2,2,2,2,0
-26,2,2,2,0,2,2,2,0,2,2,2,2,0
-21,2,2,2,4,2,2,2,0,2,2,2,2,0
-16,2,2,2,4,2,2,2,0,2,2,2,2,0
-10,2,2,2,4,2,2,2,0,2,2,2,2,0
-5,2,2,2,44,2,2,2,11,2,2,2,1,0
0,2,2,2,44,2,2,2,11,2,2,2,1,0
5,2,2,2,44,2,2,2,11,2,2,2,1,0
11,3,3,3,68,2,2,2,27,2,2,2,1,0
16,3,3,3,68,2,2,2,27,2,2,2,1,0
21,3,3,3,68,2,2,2,27,2,2,2,1,0
26,3,3,3,78,2,2,2,31,2,2,2,2,0
32,3,3,3,78,2,2,2,31,2,2,2,2,0
37,3,3,3,61,2,2,2,28,2,2,2,2,0
42,3,3,3,61,2,2,2,28,2,2,2,2,0
47,3,3,3,61,2,2,2,28,2,2,2,2,0
53,3,3,3,58,2,2,2,27,2,2,2,2,0
58,3,3,3,58,2,2,2,27,2,2,2,2,0
63,3,3,3,58,2,2,2,27,2,2,2,2,0
68,3,3,3,56,2,2,2,23,2,2,2,2,0
74,3,3,3,56,2,2,2,23,2,2,2,2,0
79,3,3,3,56,2,2,2,23,2,2,2,2,0
84,3,3,3,52,2,2,2,23,2,2,2,2,0
89,3,3,3,52,2,2,2,23,2,2,2,2,0
95,3,3,3,52,2,2,2,23,2,2,2,2,0
100,3,3,3,51,2,2,2,22,2,2,2,1,0
105,3,3,3,51,2,2,2,22,2,2,2,1,0
110,3,3,3,51,2,2,2,22,2,2,2,1,0
115,3,3,3,39,2,2,2,16,2,2,2,1,0
121,3,3,3,39,2,2,2,16,2,2,2,1,0
126,3,3,3,39,2,2,2,16,2,2,2,1,0
131,3,3,3,1,2,2,2,4,2,2,2,1,0
136,3,3,3,1,2,2,2,4,2,2,2,1,0
141,3,3,3,1,2,2,2,4,2,2,2,1,0
146,3,3,3,0,2,2,2,0,2,2,2,2,0
152,3,3,3,0,2,2,2,0,2,2,2,2,0
157,3,3,3,0,2,2,2,0,2,2,2,2,0
162,3,3,3,0,2,2,2,0,2,2,2,1,0
167,3,3,3,0,2,2,2,0,2,2,2,1,0
172,3,3,3,0,2,2,2,0,2,2,2,1,0
177,3,3,3,0,2,2,2,0,2,2,2,1,0
183,3,3,3,0,2,2,2,0,2,2,2,1,0
188,3,3,3,0,2,2,2,0,2,2,2,1,0
193,3,3,3,0,2,2,2,0,2,2,2,1,0
198,3,3,3,0,2,2,2,0,2,2,2,1,0
203,3,3,3,0,2,2,2,0,2,2,2,1,0
208,3,3,3,0,2,2,2,0,2,2,2,1,0
214,3,3,3,0,2,2,2,0,2,2,2,1,0
219,3,3,3,0,2,2,2,0,2,2,2,1,0
224,3,3,3,0,2,2,2,0,2,2,2,1,0
229,3,3,3,0,2,2,2,0,2,2,2,1,0
234,3,3,3,0,2,2,2,0,2,2,2,1,0
239,3,3,3,0,2,2,2,0,2,2,2,1,0
245,3,3,3,0,2,2,2,0,2,2,2,1,0
250,3,3,3,0,2,2,2,0,2,2,2,1,0
255,3,3,3,0,2,2,2,0,2,2,2,1,0
260,3,3,3,0,2,2,2,0,2,2,2,1,0
265,3,3,3,0,2,2,2,0,2,2,2,1,0
270,3,3,3,0,2,2,2,0,2,2,2,1,0
276,3,3,3,0,2,2,2,0,2,2,2,1,0
281,3,3,3,0,2,2,2,0,2,2,2,1,0
286,3,3,3,0,2,2,2,0,2,2,2,1,0
291,3,3,3,0,2,2,2,0,2,2,2,1,0
296,3,3,3,0,2,2,2,0,2,2,2,1,0
301,3,3,3,0,2,2,2,0,2,2,2,1,0
307,3,3,3,0,2,2,2,0,2,2,2,1,0
312,3,3,3,0,2,2,2,0,2,2,2,1,0
317,3,3,3,0,2,2,2,0,2,2,2,1,0
322,3,3,3,0,2,2,2,0,2,2,2,1,0
327,3,3,3,0,2,2,2,0,2,2,2,1,0
333,3,3,3,0,2,2,2,0,2,2,2,1,0
338,3,3,3,0,2,2,2,0,2,2,2,1,0
343,3,3,3,0,2,2,2,0,2,2,2,1,0
348,3,3,3,0,2,2,2,0,2,2,2,1,0
353,3,3,3,0,2,2,2,0,2,2,2,1,0
358,3,3,3,0,2,2,2,0,2,2,2,1,0
364,3,3,3,0,2,2,2,0,2,2,2,1,0
369,3,3,3,0,2,2,2,0,2,2,2,2,0
374,3,3,3,0,2,2,2,0,2,2,2,2,0
379,3,3,3,0,2,2,2,0,2,2,2,2,0
384,3,3,3,0,2,2,2,0,2,2,2,1,0
389,3,3,3,0,2,2,2,0,2,2,2,1,0
395,3,3,3,0,2,2,2,0,2,2,2,1,0
400,2,2,2,0,2,2,2,0,2,2,2,1,0
405,2,2,2,0,2,2,2,0,2,2,2,1,0
410,2,2,2,0,2,2,2,0,2,2,2,1,0
415,2,2,2,0,2,2,2,0,2,2,2,1,0
420,2,2,2,0,2,2,2,0,2,2,2,1,0
426,2,2,2,0,2,2,2,0,2,2,2,1,0
431,2,2,2,0,2,2,2,0,2,2,2,1,0
436,2,2,2,0,2,2,2,0,2,2,2,1,0
441,2,2,2,0,2,2,2,0,2,2,2,1,0
446,2,2,2,0,2,2,2,0,2,2,2,2,0
451,2,2,2,0,2,2,2,0,2,2,2,2,0
457,2,2,2,0,2,2,2,0,2,2,2,2,0
462,2,2,2,0,2,2,2,0,2,2,2,2,0
467,2,2,2,0,2,2,2,0,2,2,2,2,0
472,2,2,2,0,2,2,2,0,2,2,2,1,0
477,2,2,2,0,2,2,2,0,2,2,2,1,0
482,2,2,2,0,2,2,2,0,2,2,2,1,0
488,2,2,2,0,2,2,2,0,2,2,2,2,0
493,2,2,2,0,2,2,2,0,2,2,2,2,0
498,2,2,2,0,2,2,2,0,2,2,2,2,0
503,2,2,2,0,2,2,2,0,2,2,2,1,0
508,2,2,2,0,2,2,2,0,2,2,2,1,0
513,2,2,2,0,2,2,2,0,2,2,2,1,0
519,2,2,2,0,2,2,2,0,2,2,2,1,0
524,2,2,2,0,2,2,2,0,2,2,2,1,0
529,2,2,2,0,2,2,2,0,2,2,2,1,0
534,2,2,2,0,2,2,2,0,2,2,2,1,0
539,2,2,2,0,2,2,2,0,2,2,2,1,0
544,2,2,2,0,2,2,2,0,2,2,2,1,0
550,2,2,2,0,2,2,2,0,2,2,2,1,0
555,2,2,2,0,2,2,2,0,2,2,2,1,0
560,2,2,2,0,2,2,2,0,2,2,2,1,0
565,2,2,2,0,2,2,2,0,2,2,2,2,0
570,2,2,2,0,2,2,2,0,2,2,2,2,0
576,2,2,2,0,2,2,2,0,2,2,2,2,0
581,2,2,2,0,2,2,2,0,2,2,2,1,0
586,2,2,2,0,2,2,2,0,2,2,2,1,0
591,2,2,2,0,2,2,2,0,2,2,2,1,0
596,2,2,2,0,2,2,2,0,2,2,2,2,0
601,2,2,2,0,2,2,2,0,2,2,2,2,0
607,2,2,2,0,2,2,2,0,2,2,2,2,0
612,2,2,2,0,2,2,2,0,2,2,2,2,0
617,2,2,2,0,2,2,2,0,2,2,2,2,0
622,2,2,2,0,2,2,2,0,2,2,2,2,0
627,2,2,2,0,2,2,2,0,2,2,2,2,0
632,2,2,2,0,2,2,2,0,2,2,2,2,0
638,2,2,2,0,2,2,2,0,2,2,2,2,0
643,2,2,2,0,2,2,2,0,2,2,2,2,0
648,2,2,2,0,2,2,2,0,2,2,2,2,0
653,2,2,2,0,2,2,2,0,2,2,2,2,0
658,2,2,2,0,2,2,2,0,2,2,2,2,0
663,2,2,2,0,2,2,2,0,2,2,2,2,0
669,2,2,2,0,2,2,2,0,2,2,2,2,0
674,2,2,2,0,2,2,2,0,2,2,2,2,0
679,2,2,2,0,2,2,2,0,2,2,2,2,0
684,2,2,2,0,2,2,2,0,2,2,2,2,0
689,2,2,2,0,2,2,2,0,2,2,2,2,0
694,2,2,2,0,2,2,2,0,2,2,2,2,0
700,2,2,2,0,2,2,2,0,2,2,2,2,0
705,2,2,2,0,2,2,2,0,2,2,2,2,0
710,2,2,2,0,2,2,2,0,2,2,2,2,0
715,2,2,2,0,2,2,2,0,2,2,2,2,0
720,2,2,2,0,2,2,2,0,2,2,2,2,0
726,2,2,2,0,2,2,2,0,2,2,2,2,0
731,2,2,2,0,2,2,2,0,2,2,2,2,0
736,2,2,2,0,2,2,2,0,2,2,2,2,0
741,2,2,2,0,2,2,2,0,2,2,2,2,0
746,2,2,2,0,2,2,2,0,2,2,2,1,0
751,2,2,2,0,2,2,2,0,2,2,2,1,0
757,2,2,2,0,2,2,2,0,2,2,2,1,0
762,2,2,2,0,2,2,2,0,2,2,2,2,0
767,2,2,2,0,2,2,2,0,2,2,2,2,0
772,2,2,2,0,2,2,2,0,2,2,2,2,0
777,2,2,2,0,2,2,2,0,2,2,2,2,0
782,2,2,2,0,2,2,2,0,2,2,2,2,0
788,2,2,2,0,2,2,2,0,2,2,2,1,0
793,2,2,2,0,2,2,2,0,2,2,2,1,0
798,2,2,2,0,2,2,2,0,2,2,2,1,0
803,2,2,2,0,2,2,2,0,2,2,2,1,0
808,2,2,2,0,2,2,2,0,2,2,2,1,0
813,2,2,2,0,2,2,2,0,2,2,2,1,0
819,2,2,2,0,2,2,2,0,2,2,2,1,0
824,2,2,2,0,2,2,2,0,2,2,2,1,0
